Optimizer,Train_time,test_time,Accuracy,Precision,Recall,F1_score
Adam,716.759331,0.06428100000005088,0.8168316831683168,0.7768387264815836,0.7672585801997567,0.7710751679729052
