Optimizer,Train_time,test_time,Accuracy,Precision,Recall,F1_score
sgd,289.729308,0.059245999999973264,0.7821782178217822,0.7379659424004626,0.7272066930890461,0.7313593360956281
Adagrad,301.03809,0.07876899999996567,0.7128712871287128,0.720679898146165,0.6044158455923162,0.6250841190778346
Adam,1214.670016,0.07593199999996614,0.806930693069307,0.7654964863553022,0.7485322085322086,0.7555063367452891
Adadelta,506.78127700000005,0.09359799999992902,0.5767326732673267,0.6385420799458623,0.45908888497123784,0.4732938597326518
rmsprop,653.4298760000001,0.102053000000069,0.7475247524752475,0.7315179690297172,0.7064192017133193,0.7126551333605748
